-- ============================================================
-- 翔泳社游泳馆管理系统 · 测试数据
-- 测试账号：admin/admin123(管理员) user01/user123(用户) coach01/coach123(教练)
-- ============================================================
SET NAMES utf8mb4;
SET CHARACTER_SET_CLIENT = utf8mb4;
SET CHARACTER_SET_RESULTS = utf8mb4;
SET CHARACTER_SET_CONNECTION = utf8mb4;

-- -----------------------------------------------------------
-- 1. 角色（固定 3 行）
-- -----------------------------------------------------------
INSERT INTO sys_role (id, role_key, role_name, status, deleted) VALUES
(1, 'ADMIN', '管理员',   1, 0),
(2, 'USER',  '普通用户', 1, 0),
(3, 'COACH', '教练',     1, 0);

-- -----------------------------------------------------------
-- 2. 用户（15 人：2 管理员 + 8 普通用户 + 5 教练）
-- -----------------------------------------------------------
INSERT INTO sys_user (id, username, password, real_name, phone, email, avatar, gender, status, deleted, create_time) VALUES
( 1, 'admin',   '{noop}admin123', '系统管理员', '13800000001', 'admin@xiangyongshe.com',   NULL, 1, 1, 0, '2026-01-01 08:00:00'),
( 2, 'admin02', '{noop}admin123', '王晓琳',     '13800000002', 'admin02@xiangyongshe.com', NULL, 0, 1, 0, '2026-01-01 08:00:00'),
( 3, 'coach01', '{noop}coach123', '李明辉',     '13900010001', 'coach01@xiangyongshe.com', NULL, 1, 1, 0, '2026-01-05 09:00:00'),
( 4, 'coach02', '{noop}coach123', '王海燕',     '13900010002', 'coach02@xiangyongshe.com', NULL, 0, 1, 0, '2026-01-05 09:00:00'),
( 5, 'coach03', '{noop}coach123', '赵文博',     '13900010003', 'coach03@xiangyongshe.com', NULL, 1, 1, 0, '2026-01-06 09:00:00'),
( 6, 'coach04', '{noop}coach123', '陈思怡',     '13900010004', 'coach04@xiangyongshe.com', NULL, 0, 1, 0, '2026-01-06 09:00:00'),
( 7, 'coach05', '{noop}coach123', '孙志强',     '13900010005', 'coach05@xiangyongshe.com', NULL, 1, 1, 0, '2026-01-07 09:00:00'),
( 8, 'user01',  '{noop}user123',  '张伟',       '13600010001', 'zhangwei@qq.com',          NULL, 1, 1, 0, '2026-01-10 10:00:00'),
( 9, 'user02',  '{noop}user123',  '刘婷',       '13600010002', 'liuting@qq.com',           NULL, 0, 1, 0, '2026-01-10 11:00:00'),
(10, 'user03',  '{noop}user123',  '周浩然',     '13600010003', 'zhouhaoran@163.com',       NULL, 1, 1, 0, '2026-01-11 14:00:00'),
(11, 'user04',  '{noop}user123',  '吴佳琪',     '13600010004', 'wujiaqi@163.com',          NULL, 0, 1, 0, '2026-01-12 10:00:00'),
(12, 'user05',  '{noop}user123',  '郑凯文',     '13600010005', 'zhengkaiwen@qq.com',       NULL, 1, 1, 0, '2026-01-13 15:00:00'),
(13, 'user06',  '{noop}user123',  '黄思涵',     '13600010006', 'huangsihan@qq.com',        NULL, 0, 1, 0, '2026-01-14 09:00:00'),
(14, 'user07',  '{noop}user123',  '林子轩',     '13600010007', 'linzixuan@163.com',        NULL, 1, 1, 0, '2026-01-15 16:00:00'),
(15, 'user08',  '{noop}user123',  '杨雨萱',     '13600010008', 'yangyuxuan@qq.com',        NULL, 0, 1, 0, '2026-01-16 11:00:00');

-- -----------------------------------------------------------
-- 3. 用户-角色关联
-- -----------------------------------------------------------
INSERT INTO sys_user_role (user_id, role_id) VALUES
(1, 1), (2, 1),
(3, 3), (4, 3), (5, 3), (6, 3), (7, 3),
(8, 2), (9, 2), (10, 2), (11, 2), (12, 2), (13, 2), (14, 2), (15, 2);

-- -----------------------------------------------------------
-- 4. 教练档案（5 人，user_id 对应 coach01-coach05）
-- -----------------------------------------------------------
INSERT INTO coach_profile (id, user_id, qualification, specialty, intro, avatar_url, status, deleted, create_time) VALUES
(1, 3, '国家游泳教练证书',   '自由泳/蛙泳',       '10年教学经验，擅长初学者与技术提升训练，带队获得省级比赛多项奖牌。',               '', 1, 0, '2026-01-05 09:00:00'),
(2, 4, '省级教练证书',       '蝶泳/仰泳',         '7年教学经验，擅长动作纠错与体能训练，前省队运动员。',                             '', 1, 0, '2026-01-05 09:00:00'),
(3, 5, '社会体育指导员',     '少儿启蒙/水中安全',  '擅长少儿兴趣引导与水中安全教育，深受家长和小朋友喜爱。',                           '', 1, 0, '2026-01-06 09:00:00'),
(4, 6, '国家一级运动员',     '竞技训练/体能提升',  '前省队成员，退役后专注于竞技游泳教学，帮助多名学员达到等级标准。',                 '', 1, 0, '2026-01-06 09:00:00'),
(5, 7, '救生员/教练双证',    '水中安全/体能训练',  '退伍军人转型教练，教学风格严谨高效，注重安全意识培养。',                           '', 1, 0, '2026-01-07 09:00:00');

-- -----------------------------------------------------------
-- 5. 课程（10 门）
-- -----------------------------------------------------------
INSERT INTO course (id, course_name, course_type, level, duration_min, price, capacity, cover_url, description, status, deleted, create_time) VALUES
( 1, '基础游泳入门课', '团课', '初级',  60,  79.00, 20,
  'https://images.unsplash.com/photo-1530549387789-4c1017266635?w=600&h=400&fit=crop&q=80',
  '适合零基础学员，系统学习水中呼吸、漂浮、蹬壁等基本技能。课程包含水中安全知识讲解、基础换气练习、扶板打腿与简单划水，帮助学员在10课时内独立完成25米游泳。', 1, 0, '2026-01-15 10:00:00'),
( 2, '自由泳提升课',   '小班', '中级',  90, 129.00, 12,
  'https://images.unsplash.com/photo-1519315901367-f34ff9154487?w=600&h=400&fit=crop&q=80',
  '针对已掌握基础游泳的学员，全面提升自由泳技术。重点纠正划水入水角度、高肘抱水、六次打腿节奏及翻滚转身，配合视频回放分析动作细节。', 1, 0, '2026-01-15 10:00:00'),
( 3, '少儿启蒙班',     '小班', '初级',  60,  99.00, 15,
  'https://images.unsplash.com/photo-1560089000-7433a4ebbd64?w=600&h=400&fit=crop&q=80',
  '适合6-12岁儿童，以趣味游戏和互动教学方式培养水中自信。课程融入水中寻宝、小组接力等环节，让孩子在快乐中学会漂浮、换气和基础泳姿。', 1, 0, '2026-01-15 10:00:00'),
( 4, '蛙泳专项课',     '私教', '中级',  60, 199.00,  1,
  'https://images.unsplash.com/photo-1575429198097-0414ec08e8cd?w=600&h=400&fit=crop&q=80',
  '一对一蛙泳动作精细化纠错课程。教练通过水下摄影分析学员的蹬夹腿时机、划水路线与呼吸配合，针对性制定改进方案，帮助快速突破技术瓶颈。', 1, 0, '2026-01-15 10:00:00'),
( 5, '体能水感训练',   '团课', '初级',  45,  59.00, 25,
  'https://images.unsplash.com/photo-1571019614242-c5c5dee9f50b?w=600&h=400&fit=crop&q=80',
  '通过水中有氧操、抗阻力行走、浮板踢腿等训练提升心肺功能与水感。适合各水平学员，尤其推荐给希望通过水中运动进行康复训练或减脂塑形的人群。', 1, 0, '2026-01-15 10:00:00'),
( 6, '竞技提升班',     '小班', '高级', 120, 199.00,  8,
  'https://images.unsplash.com/photo-1622629797619-c100e3e67e2e?w=600&h=400&fit=crop&q=80',
  '面向有竞技目标的游泳爱好者，系统训练跳台出发、开放式与翻滚转身、途中游速度保持及最后冲刺策略。教练将根据学员的比赛目标制定周期化训练计划。', 1, 0, '2026-01-15 10:00:00'),
( 7, '仰泳基础课',     '团课', '初级',  60,  69.00, 20,
  'https://images.unsplash.com/photo-1600965962361-9035dbfd1c50?w=600&h=400&fit=crop&q=80',
  '从零开始学习仰泳。重点练习仰浮平衡、交替划臂、六次打腿节奏，以及仰泳出发和转身技术。适合已能蛙泳或自由泳25米以上的学员拓展泳姿。', 1, 0, '2026-01-16 10:00:00'),
( 8, '蝶泳进阶课',     '小班', '高级',  90, 159.00, 10,
  'https://images.unsplash.com/photo-1504971553661-30bce3a0340a?w=600&h=400&fit=crop&q=80',
  '针对有一定基础的学员，深度训练蝶泳海豚腿节奏、双臂同步划水时机与呼吸配合。通过分解练习与连贯游相结合，掌握优美高效的蝶泳技术。', 1, 0, '2026-01-16 10:00:00'),
( 9, '亲子游泳课',     '团课', '初级',  45,  89.00, 15,
  'https://images.unsplash.com/photo-1596178065887-1198b6148b2b?w=600&h=400&fit=crop&q=80',
  '家长与3-8岁孩子共同参与的趣味水中课堂。通过水中亲子游戏、安全自救演练、家长辅助教学等环节，在增进亲子关系的同时培养孩子的水性和安全意识。', 1, 0, '2026-01-16 10:00:00'),
(10, '私教定制课',     '私教', '高级',  60, 299.00,  1,
  'https://images.unsplash.com/photo-1544551763-46a013bb70d5?w=600&h=400&fit=crop&q=80',
  '根据学员个人目标量身定制的一对一训练课程。无论是备赛突破成绩、纠正多年错误动作，还是从零基础到四种泳姿全能，教练都将制定个性化训练方案并全程跟踪指导。', 1, 0, '2026-01-16 10:00:00');

-- -----------------------------------------------------------
-- 6. 排课（20 条）
--    current_count 与下方 reservation 中有效预约数严格匹配
-- -----------------------------------------------------------
INSERT INTO course_schedule (id, course_id, coach_id, start_time, end_time, course_date, location, max_capacity, current_count, status, deleted, create_time) VALUES
( 1,  1, 1, '2026-02-03 09:00:00', '2026-02-03 10:00:00', '2026-02-03', '一号泳池', 20, 3, 1, 0, '2026-01-25 10:00:00'),
( 2,  2, 1, '2026-02-03 14:00:00', '2026-02-03 15:30:00', '2026-02-03', '二号泳池', 12, 2, 1, 0, '2026-01-25 10:00:00'),
( 3,  3, 3, '2026-02-04 09:00:00', '2026-02-04 10:00:00', '2026-02-04', '三号泳池', 15, 2, 1, 0, '2026-01-25 10:00:00'),
( 4,  4, 2, '2026-02-04 14:00:00', '2026-02-04 15:00:00', '2026-02-04', '私教区',    1, 1, 1, 0, '2026-01-25 10:00:00'),
( 5,  5, 4, '2026-02-05 18:30:00', '2026-02-05 19:15:00', '2026-02-05', '一号泳池', 25, 2, 1, 0, '2026-01-25 10:00:00'),
( 6,  6, 2, '2026-02-06 20:00:00', '2026-02-06 22:00:00', '2026-02-06', '二号泳池',  8, 1, 1, 0, '2026-01-26 10:00:00'),
( 7,  7, 5, '2026-02-07 09:00:00', '2026-02-07 10:00:00', '2026-02-07', '一号泳池', 20, 2, 1, 0, '2026-01-26 10:00:00'),
( 8,  8, 2, '2026-02-08 14:00:00', '2026-02-08 15:30:00', '2026-02-08', '二号泳池', 10, 1, 1, 0, '2026-01-26 10:00:00'),
( 9,  9, 3, '2026-02-09 10:00:00', '2026-02-09 10:45:00', '2026-02-09', '三号泳池', 15, 2, 1, 0, '2026-01-27 10:00:00'),
(10, 10, 4, '2026-02-10 16:00:00', '2026-02-10 17:00:00', '2026-02-10', '私教区',    1, 1, 1, 0, '2026-01-27 10:00:00'),
(11,  1, 1, '2026-02-12 09:00:00', '2026-02-12 10:00:00', '2026-02-12', '一号泳池', 20, 2, 1, 0, '2026-01-28 10:00:00'),
(12,  2, 1, '2026-02-13 14:00:00', '2026-02-13 15:30:00', '2026-02-13', '二号泳池', 12, 1, 1, 0, '2026-01-28 10:00:00'),
(13,  3, 3, '2026-02-14 09:00:00', '2026-02-14 10:00:00', '2026-02-14', '三号泳池', 15, 2, 1, 0, '2026-01-28 10:00:00'),
(14,  5, 5, '2026-02-15 18:30:00', '2026-02-15 19:15:00', '2026-02-15', '一号泳池', 25, 1, 1, 0, '2026-01-29 10:00:00'),
(15,  7, 4, '2026-02-17 09:00:00', '2026-02-17 10:00:00', '2026-02-17', '一号泳池', 20, 2, 1, 0, '2026-01-29 10:00:00'),
(16,  1, 1, '2026-02-19 09:00:00', '2026-02-19 10:00:00', '2026-02-19', '一号泳池', 20, 1, 1, 0, '2026-01-30 10:00:00'),
(17,  4, 2, '2026-02-20 14:00:00', '2026-02-20 15:00:00', '2026-02-20', '私教区',    1, 1, 1, 0, '2026-01-30 10:00:00'),
(18,  6, 2, '2026-02-22 20:00:00', '2026-02-22 22:00:00', '2026-02-22', '二号泳池',  8, 0, 0, 0, '2026-01-30 10:00:00'),
(19,  9, 3, '2026-02-24 10:00:00', '2026-02-24 10:45:00', '2026-02-24', '三号泳池', 15, 1, 1, 0, '2026-01-31 10:00:00'),
(20, 10, 4, '2026-02-26 16:00:00', '2026-02-26 17:00:00', '2026-02-26', '私教区',    1, 0, 1, 0, '2026-01-31 10:00:00');

-- -----------------------------------------------------------
-- 7. 排课-教练关联
-- -----------------------------------------------------------
INSERT INTO course_schedule_coach (schedule_id, coach_id, deleted) VALUES
( 1, 1, 0),
( 2, 1, 0),
( 3, 3, 0),
( 4, 2, 0),
( 5, 4, 0),
( 6, 2, 0), ( 6, 4, 0),
( 7, 5, 0),
( 8, 2, 0),
( 9, 3, 0),
(10, 4, 0),
(11, 1, 0),
(12, 1, 0), (12, 2, 0),
(13, 3, 0), (13, 5, 0),
(14, 5, 0),
(15, 4, 0),
(16, 1, 0),
(17, 2, 0),
(18, 2, 0),
(19, 3, 0),
(20, 4, 0);

-- -----------------------------------------------------------
-- 8. 预约（30 条）
--    status: 1已预约 2已取消 3已到课 4爽约
--    每个 schedule 的有效预约(status IN 1,3,4)数 = current_count
-- -----------------------------------------------------------
INSERT INTO reservation (id, schedule_id, user_id, reserve_time, status, cancel_time, cancel_reason, deleted, create_time) VALUES
( 1,  1,  8, '2026-02-01 10:00:00', 3, NULL, NULL, 0, '2026-02-01 10:00:00'),
( 2,  1,  9, '2026-02-01 11:00:00', 3, NULL, NULL, 0, '2026-02-01 11:00:00'),
( 3,  1, 10, '2026-02-01 14:00:00', 1, NULL, NULL, 0, '2026-02-01 14:00:00'),
( 4,  2, 11, '2026-02-01 15:00:00', 3, NULL, NULL, 0, '2026-02-01 15:00:00'),
( 5,  2, 12, '2026-02-01 16:00:00', 3, NULL, NULL, 0, '2026-02-01 16:00:00'),
( 6,  3, 13, '2026-02-02 09:00:00', 3, NULL, NULL, 0, '2026-02-02 09:00:00'),
( 7,  3, 14, '2026-02-02 10:00:00', 4, NULL, NULL, 0, '2026-02-02 10:00:00'),
( 8,  4,  9, '2026-02-02 14:00:00', 3, NULL, NULL, 0, '2026-02-02 14:00:00'),
( 9,  5,  8, '2026-02-03 10:00:00', 1, NULL, NULL, 0, '2026-02-03 10:00:00'),
(10,  5, 15, '2026-02-03 11:00:00', 1, NULL, NULL, 0, '2026-02-03 11:00:00'),
(11,  6, 10, '2026-02-04 09:00:00', 3, NULL, NULL, 0, '2026-02-04 09:00:00'),
(12,  7, 11, '2026-02-05 10:00:00', 3, NULL, NULL, 0, '2026-02-05 10:00:00'),
(13,  7, 13, '2026-02-05 11:00:00', 3, NULL, NULL, 0, '2026-02-05 11:00:00'),
(14,  8, 12, '2026-02-06 14:00:00', 1, NULL, NULL, 0, '2026-02-06 14:00:00'),
(15,  9, 14, '2026-02-07 09:00:00', 3, NULL, NULL, 0, '2026-02-07 09:00:00'),
(16,  9, 15, '2026-02-07 10:00:00', 3, NULL, NULL, 0, '2026-02-07 10:00:00'),
(17, 10,  8, '2026-02-08 16:00:00', 3, NULL, NULL, 0, '2026-02-08 16:00:00'),
(18, 11,  9, '2026-02-10 09:00:00', 1, NULL, NULL, 0, '2026-02-10 09:00:00'),
(19, 11, 11, '2026-02-10 10:00:00', 1, NULL, NULL, 0, '2026-02-10 10:00:00'),
(20, 12, 10, '2026-02-11 14:00:00', 3, NULL, NULL, 0, '2026-02-11 14:00:00'),
(21, 13, 12, '2026-02-12 09:00:00', 1, NULL, NULL, 0, '2026-02-12 09:00:00'),
(22, 13, 13, '2026-02-12 10:00:00', 1, NULL, NULL, 0, '2026-02-12 10:00:00'),
(23, 14, 14, '2026-02-13 18:00:00', 1, NULL, NULL, 0, '2026-02-13 18:00:00'),
(24, 15,  8, '2026-02-15 09:00:00', 1, NULL, NULL, 0, '2026-02-15 09:00:00'),
(25, 15, 15, '2026-02-15 10:00:00', 1, NULL, NULL, 0, '2026-02-15 10:00:00'),
(26, 16,  9, '2026-02-17 09:00:00', 3, NULL, NULL, 0, '2026-02-17 09:00:00'),
(27, 17, 11, '2026-02-18 14:00:00', 3, NULL, NULL, 0, '2026-02-18 14:00:00'),
(28, 19, 14, '2026-02-22 10:00:00', 1, NULL, NULL, 0, '2026-02-22 10:00:00'),
(29,  2, 13, '2026-02-01 17:00:00', 2, '2026-02-02 10:00:00', '行程冲突，无法参加',   0, '2026-02-01 17:00:00'),
(30,  5, 12, '2026-02-03 12:00:00', 2, '2026-02-04 08:00:00', '身体不适，下次再约',   0, '2026-02-03 12:00:00');

-- -----------------------------------------------------------
-- 9. 订单（30 条，与 reservation 一一对应）
--    pay_status: 0待支付 1已支付 2已退款
--    pay_type: 1微信 2支付宝 3现金
-- -----------------------------------------------------------
INSERT INTO orders (id, order_no, user_id, reservation_id, amount, pay_status, pay_type, pay_time, refund_status, refund_time, deleted, create_time) VALUES
( 1, 'ORD202602010001',  8,  1,  79.00, 1, 1, '2026-02-01 10:05:00', 0, NULL, 0, '2026-02-01 10:00:00'),
( 2, 'ORD202602010002',  9,  2,  79.00, 1, 2, '2026-02-01 11:03:00', 0, NULL, 0, '2026-02-01 11:00:00'),
( 3, 'ORD202602010003', 10,  3,  79.00, 1, 1, '2026-02-01 14:02:00', 0, NULL, 0, '2026-02-01 14:00:00'),
( 4, 'ORD202602010004', 11,  4, 129.00, 1, 3, '2026-02-01 15:05:00', 0, NULL, 0, '2026-02-01 15:00:00'),
( 5, 'ORD202602010005', 12,  5, 129.00, 1, 1, '2026-02-01 16:03:00', 0, NULL, 0, '2026-02-01 16:00:00'),
( 6, 'ORD202602020001', 13,  6,  99.00, 1, 2, '2026-02-02 09:05:00', 0, NULL, 0, '2026-02-02 09:00:00'),
( 7, 'ORD202602020002', 14,  7,  99.00, 1, 1, '2026-02-02 10:02:00', 0, NULL, 0, '2026-02-02 10:00:00'),
( 8, 'ORD202602020003',  9,  8, 199.00, 1, 1, '2026-02-02 14:05:00', 0, NULL, 0, '2026-02-02 14:00:00'),
( 9, 'ORD202602030001',  8,  9,  59.00, 1, 2, '2026-02-03 10:03:00', 0, NULL, 0, '2026-02-03 10:00:00'),
(10, 'ORD202602030002', 15, 10,  59.00, 0, NULL, NULL,                0, NULL, 0, '2026-02-03 11:00:00'),
(11, 'ORD202602040001', 10, 11, 199.00, 1, 3, '2026-02-04 09:05:00', 0, NULL, 0, '2026-02-04 09:00:00'),
(12, 'ORD202602050001', 11, 12,  69.00, 1, 1, '2026-02-05 10:03:00', 0, NULL, 0, '2026-02-05 10:00:00'),
(13, 'ORD202602050002', 13, 13,  69.00, 1, 2, '2026-02-05 11:02:00', 0, NULL, 0, '2026-02-05 11:00:00'),
(14, 'ORD202602060001', 12, 14, 159.00, 0, NULL, NULL,                0, NULL, 0, '2026-02-06 14:00:00'),
(15, 'ORD202602070001', 14, 15,  89.00, 1, 1, '2026-02-07 09:05:00', 0, NULL, 0, '2026-02-07 09:00:00'),
(16, 'ORD202602070002', 15, 16,  89.00, 1, 3, '2026-02-07 10:03:00', 0, NULL, 0, '2026-02-07 10:00:00'),
(17, 'ORD202602080001',  8, 17, 299.00, 1, 1, '2026-02-08 16:05:00', 0, NULL, 0, '2026-02-08 16:00:00'),
(18, 'ORD202602100001',  9, 18,  79.00, 1, 2, '2026-02-10 09:03:00', 0, NULL, 0, '2026-02-10 09:00:00'),
(19, 'ORD202602100002', 11, 19,  79.00, 0, NULL, NULL,                0, NULL, 0, '2026-02-10 10:00:00'),
(20, 'ORD202602110001', 10, 20, 129.00, 1, 1, '2026-02-11 14:05:00', 0, NULL, 0, '2026-02-11 14:00:00'),
(21, 'ORD202602120001', 12, 21,  99.00, 1, 1, '2026-02-12 09:03:00', 0, NULL, 0, '2026-02-12 09:00:00'),
(22, 'ORD202602120002', 13, 22,  99.00, 1, 2, '2026-02-12 10:02:00', 0, NULL, 0, '2026-02-12 10:00:00'),
(23, 'ORD202602130001', 14, 23,  59.00, 1, 3, '2026-02-13 18:05:00', 0, NULL, 0, '2026-02-13 18:00:00'),
(24, 'ORD202602150001',  8, 24,  69.00, 1, 1, '2026-02-15 09:03:00', 0, NULL, 0, '2026-02-15 09:00:00'),
(25, 'ORD202602150002', 15, 25,  69.00, 0, NULL, NULL,                0, NULL, 0, '2026-02-15 10:00:00'),
(26, 'ORD202602170001',  9, 26,  79.00, 1, 1, '2026-02-17 09:05:00', 0, NULL, 0, '2026-02-17 09:00:00'),
(27, 'ORD202602180001', 11, 27, 199.00, 1, 2, '2026-02-18 14:05:00', 0, NULL, 0, '2026-02-18 14:00:00'),
(28, 'ORD202602220001', 14, 28,  89.00, 1, 1, '2026-02-22 10:05:00', 0, NULL, 0, '2026-02-22 10:00:00'),
(29, 'ORD202602010006', 13, 29, 129.00, 2, 1, '2026-02-01 17:05:00', 1, '2026-02-02 10:30:00', 0, '2026-02-01 17:00:00'),
(30, 'ORD202602030003', 12, 30,  59.00, 2, 2, '2026-02-03 12:05:00', 1, '2026-02-04 08:30:00', 0, '2026-02-03 12:00:00');

-- -----------------------------------------------------------
-- 10. 评价（15 条，仅针对 status=3 已到课的预约）
--     score 分布：5分×6, 4分×6, 3分×3
-- -----------------------------------------------------------
INSERT INTO evaluation (id, user_id, course_id, coach_id, reservation_id, score, content, status, deleted, create_time) VALUES
( 1,  8,  1, 1,  1, 5, '李教练讲解非常细致，零基础也能很快上手，水中呼吸技巧说得很清楚！',                     1, 0, '2026-02-03 20:30:00'),
( 2,  9,  1, 1,  2, 4, '课程内容安排合理，就是人稍微多了点，希望小班课能增加排课。',                           1, 0, '2026-02-03 21:00:00'),
( 3, 11,  2, 1,  4, 5, '自由泳动作纠正很到位，划水效率明显提升了，感谢李教练！',                               1, 0, '2026-02-03 22:00:00'),
( 4, 12,  2, 1,  5, 4, '整体不错，教练很有耐心，不过课程节奏可以稍微再快一点。',                               1, 0, '2026-02-03 22:30:00'),
( 5, 13,  3, 3,  6, 5, '孩子特别喜欢赵教练的教学方式，从害怕水到能独立漂浮，进步很大！',                       1, 0, '2026-02-04 18:00:00'),
( 6,  9,  4, 2,  8, 4, '蛙泳腿部动作纠正效果明显，一对一教学效率很高，推荐私教课。',                           1, 0, '2026-02-04 20:00:00'),
( 7, 10,  6, 2, 11, 3, '课程强度较大，对体能要求高，建议增加热身环节的时长。',                                 1, 0, '2026-02-06 23:00:00'),
( 8, 11,  7, 5, 12, 5, '孙教练对仰泳教学很有一套，纠正了我的身体姿态，水感改善了很多。',                       1, 0, '2026-02-07 19:00:00'),
( 9, 13,  7, 5, 13, 4, '教练讲解详细认真，就是时间稍短，如果能多练习几组就更好了。',                           1, 0, '2026-02-07 19:30:00'),
(10, 14,  9, 3, 15, 5, '亲子课体验非常好，教练互动性强，孩子玩得特别开心！',                                   1, 0, '2026-02-09 18:00:00'),
(11, 15,  9, 3, 16, 4, '课程设计很用心，不过场地人有点多，期待更多场次安排。',                                 1, 0, '2026-02-09 18:30:00'),
(12,  8, 10, 4, 17, 5, '私教课完全根据我的需求定制，训练计划科学合理，非常满意！',                             1, 0, '2026-02-10 19:00:00'),
(13, 10,  2, 1, 20, 3, '教练水平没问题，但当天课堂氛围一般，状态不太好。',                                     1, 0, '2026-02-13 20:00:00'),
(14,  9,  1, 1, 26, 4, '重复参加还是有新收获，教练会根据学员进度调整教学内容，点赞。',                         1, 0, '2026-02-19 18:00:00'),
(15, 11,  4, 2, 27, 5, '蛙泳成绩有了明显提升，王教练的教学方法很独到，强烈推荐！',                             1, 0, '2026-02-20 19:00:00'),
(16,  8,  5, 4,  9, 5, '水中体能训练比想象中有趣，心肺功能明显改善，水感也提升了不少，非常推荐！',             1, 0, '2026-02-05 20:00:00'),
(17, 12,  8, 2, 14, 4, '蝶泳海豚腿的节奏掌握确实需要反复练习，王教练分解动作讲得很清晰，收获很大。',           1, 0, '2026-02-08 19:00:00');

-- -----------------------------------------------------------
-- 11. 收入统计（14 天：2026-02-01 ~ 2026-02-14）
-- -----------------------------------------------------------
INSERT INTO income_stat (id, stat_date, order_count, total_amount, refund_amount, create_time) VALUES
( 1, '2026-02-01', 6, 624.00, 0.00,   '2026-02-02 00:05:00'),
( 2, '2026-02-02', 3, 397.00, 129.00, '2026-02-03 00:05:00'),
( 3, '2026-02-03', 2, 118.00, 0.00,   '2026-02-04 00:05:00'),
( 4, '2026-02-04', 1, 199.00, 59.00,  '2026-02-05 00:05:00'),
( 5, '2026-02-05', 2, 138.00, 0.00,   '2026-02-06 00:05:00'),
( 6, '2026-02-06', 0,   0.00, 0.00,   '2026-02-07 00:05:00'),
( 7, '2026-02-07', 2, 178.00, 0.00,   '2026-02-08 00:05:00'),
( 8, '2026-02-08', 1, 299.00, 0.00,   '2026-02-09 00:05:00'),
( 9, '2026-02-09', 0,   0.00, 0.00,   '2026-02-10 00:05:00'),
(10, '2026-02-10', 1,  79.00, 0.00,   '2026-02-11 00:05:00'),
(11, '2026-02-11', 1, 129.00, 0.00,   '2026-02-12 00:05:00'),
(12, '2026-02-12', 2, 198.00, 0.00,   '2026-02-13 00:05:00'),
(13, '2026-02-13', 1,  59.00, 0.00,   '2026-02-14 00:05:00'),
(14, '2026-02-14', 0,   0.00, 0.00,   '2026-02-15 00:05:00');

-- -----------------------------------------------------------
-- 12. 反馈（8 条）
-- -----------------------------------------------------------
INSERT INTO feedback (id, user_id, type, content, status, reply_content, reply_time, create_time) VALUES
(1,  8, '建议', '希望增加工作日晚间课程的场次，下班后经常约不到。',                                           0, NULL, NULL, '2026-02-03 21:00:00'),
(2,  9, '问题', '预约成功后发现时间选错了，但没有修改入口，只能先取消再重新预约。',                             1, '目前预约确认后暂不支持直接修改，可先取消再重新预约，后续会优化此功能。', '2026-02-05 10:00:00', '2026-02-04 15:00:00'),
(3, 10, '建议', '建议增设清晨6:30-7:30的早泳时段，方便上班族锻炼。',                                           0, NULL, NULL, '2026-02-05 08:00:00'),
(4, 11, '投诉', '2月6日晚泳池水温偏低（约24℃），游泳体验不佳，希望加强温控管理。',                             1, '非常抱歉给您带来不好的体验！已通知设备部门检修加热系统，后续会加强每日水温巡检。', '2026-02-07 14:00:00', '2026-02-06 22:30:00'),
(5, 12, '建议', '更衣室储物柜数量不够，高峰期需要排队等柜子，建议扩充。',                                       0, NULL, NULL, '2026-02-08 19:00:00'),
(6, 13, '问题', '微信支付成功后订单状态仍显示"待支付"，等了十分钟才刷新。',                                     1, '已排查确认为支付回调延迟问题，技术团队已优化回调处理逻辑，感谢反馈。', '2026-02-10 11:00:00', '2026-02-09 16:00:00'),
(7, 14, '投诉', '2月9日亲子课教练迟到了约15分钟，影响了课程体验。',                                             1, '非常抱歉！已与该教练沟通并加强考勤管理，后续将严格执行提前到岗制度。', '2026-02-11 09:00:00', '2026-02-09 19:00:00'),
(8, 15, '建议', '希望推出季卡或年卡会员优惠，长期学员能享受更多折扣。',                                         0, NULL, NULL, '2026-02-12 14:00:00');

-- -----------------------------------------------------------
-- 13. 公告（5 条）
-- -----------------------------------------------------------
INSERT INTO notice (id, title, content, publish_time, status, create_time) VALUES
(1, '翔泳社春节营业公告',     '春节期间（2月1日-2月8日）正常营业，部分课程时间有所调整，请留意排课表。祝大家新春愉快！',                                 '2026-02-01 08:00:00', 1, '2026-01-28 10:00:00'),
(2, '2月中旬课程安排调整通知', '因场地维护需要，2月12日-14日部分课程将调整上课时间或场地，具体以排课系统显示为准，敬请谅解。',                             '2026-02-10 09:00:00', 1, '2026-02-09 15:00:00'),
(3, '泳池设备维护通知',       '2月22日（周日）二号泳池将进行设备检修维护，当日该场地课程暂停，一号泳池和三号泳池正常使用。',                             '2026-02-18 18:00:00', 1, '2026-02-17 10:00:00'),
(4, '三月新课预告',           '3月将新增"蝶泳入门课"和"水中瑜伽课"两门新课，敬请期待！具体排课信息将于2月底公布。',                                     NULL, 0, '2026-02-20 14:00:00'),
(5, '会员充值优惠活动',       '即日起至2月28日，充值满500送50、满1000送120、满2000送300，多充多送，欢迎到前台咨询办理！',                                 '2026-02-15 10:00:00', 1, '2026-02-14 16:00:00');

-- -----------------------------------------------------------
-- 14. 系统参数（3 条，保留原有）
-- -----------------------------------------------------------
INSERT INTO sys_param (id, param_key, param_value, remark, status, create_time) VALUES
(1, 'max_reserve_per_user',  '3',  '单个用户同时段最多预约次数', 1, '2026-01-01 00:00:00'),
(2, 'cancel_before_minutes', '60', '预约开始前多少分钟允许取消', 1, '2026-01-01 00:00:00'),
(3, 'refund_enabled',        '1',  '是否启用退款模拟',         1, '2026-01-01 00:00:00');

-- -----------------------------------------------------------
-- 15. 文件资源（5 条）
-- -----------------------------------------------------------
INSERT INTO file_resource (id, biz_type, biz_id, file_name, file_path, file_url, content_type, file_size, uploader_id, deleted, create_time) VALUES
(1, 'course',  1, 'course-cover-basic.jpg',    'uploads/2026-02/course-cover-basic.jpg',    '/uploads/2026-02/course-cover-basic.jpg',    'image/jpeg', 135680, 1, 0, '2026-01-20 10:00:00'),
(2, 'course',  2, 'course-cover-freestyle.jpg', 'uploads/2026-02/course-cover-freestyle.jpg', '/uploads/2026-02/course-cover-freestyle.jpg', 'image/jpeg', 142350, 1, 0, '2026-01-20 10:05:00'),
(3, 'coach',   1, 'coach-avatar-liminghui.jpg', 'uploads/2026-02/coach-avatar-liminghui.jpg', '/uploads/2026-02/coach-avatar-liminghui.jpg', 'image/jpeg', 98720,  1, 0, '2026-01-20 10:10:00'),
(4, 'coach',   2, 'coach-avatar-wanghaiyan.jpg','uploads/2026-02/coach-avatar-wanghaiyan.jpg','/uploads/2026-02/coach-avatar-wanghaiyan.jpg','image/jpeg', 102400, 1, 0, '2026-01-20 10:15:00'),
(5, 'notice',  1, 'spring-festival-banner.png', 'uploads/2026-02/spring-festival-banner.png', '/uploads/2026-02/spring-festival-banner.png', 'image/png',  256000, 1, 0, '2026-01-28 09:00:00');
